NJt7z,VL9TyHzdUM
7Jxgk,IMqFhpmEN5
XAPqI,oluye2fNg9
AnT7E,eQqEwH3SmR
YjsNJ,ac5EKjHZ7X
9Hl3P,ZhGpWc7Z4u
Q2OjQ,yt2D7MXOM4
MWM7Z,C6hiwduEdz
94BYn,swQuaYh7M4
cz1ZG,0BNiTkvoZI
X8My6,a1D0vNYNVL
R8kT7,1TIPbC9H09
qXhdw,onx2n3PmQL
8ITsB,0uvJjHltpm
CPjU2,QjpnlNrbai
Wi1PL,DQf8AzQW2f
iF5Cz,7sSxQdlhov
AlOBb,ze1PnCoeyr
uR6zt,GGWzeNMz5b
5FxTg,ItvKiTmH7V
9BMga,gWRdv50iF5
uKL1E,2K7xuqrR7z
Mgazx,lQtd3Zj3iY
9MJUO,oXzvv3VWV3
vHkGh,R17leakyeD
xoqgj,eFgNaLR6HM
aduuT,LlVSGa31Ii
EfG4w,Zjbf7m1YsI
LDWf7,P1tKUaVXbD
gQTWU,pWeBblXcjq
V53Rk,aHmDsgNneZ
1uPUr,KknYVyjSLD
jHImy,3xgpbIGZ5U
Y7oO1,PymcxhLQax
uuecQ,Ngn3GzLmyR
gxYFl,0vUnIrFthP
1MjfZ,a2fy5W7RiF
IzcHf,yHKs4sTJWb
zYXTd,W3gcCl8Jcr
oV0BC,f9k0Bptv9q
GJoEC,BBGROidX2q
orlp2,YFciFOH8jR
z0AXF,dygUq5cD2f
3qGpQ,JnvVFbJnk3
fT3PQ,I2pZWP49t6
pxx5W,nOjTKZ4tnp
wCiAs,9jvyisomCR
t1o07,loWFhGFma3
LHG4h,8eAENT6bfJ
3IKsJ,SN7Otpu8ME
bylRD,D0ReEE7LQm
uT5fm,P7aXVDnqM9
4XHqO,k4PcitQpeH
MJBSZ,XH68F2L2tx
byvSY,kd29plCgKR
XwByo,Aw6HELJqNd
YZLtR,KN5MWu8zLS
qIp2h,NCOUjtG3Tt
gRs1k,kL8py4UGEG
z5pY7,HMJvG3Ym6S
QnKjp,4Dbd3KhYrV
E014Z,8LLRgsVfP2
7GpRZ,PWD0aHLrGc
nldop,cxaYpqrkGg
mOWLG,WBDzBNhmfX
zDiM1,HZzRYYipiY
GEMDq,sA169DTq08
nzLGm,NnmmfkkxKC
wrhj5,HLFJSOmLfm
TDWEj,isHFOWZ9uK
M0c3j,hL5WvXLRI0
eCEah,YtJF8yC8H6
St64x,qljviOs3Gb
3UNI4,4GyOmGmYO4
5HycM,6C8p7qeAtU
LxPzf,UEWsti8PhX
UmFsy,rzazYi0dSu
8E1Xe,hRSdjlvsbM
q685z,Hw8R6797k2
BsHCq,VUhO7BaD4m
pusyA,1f697dhhkB
jW40z,vWtMKAoUdt
gDYJb,yKrFUzSbQd
Na9Sb,Jn7caSMyM0
23D0M,PyxgdrQ6DH
jrStj,3cGboR4bqQ
bsUOs,HD0eUdGLkj
sDLk7,4okLAICEU2
v5vpU,X7yYltc2ew
lHa71,hbqBX0kAEf
C9k8z,f5GO41hg3v
NpdXw,eeIEQFFbfj
qSsL0,106HObJ6sN
CfcPc,J4rsJi7otn
HUgaF,hcGnUvzDB1
regD3,tn7UPRdXfG
lXBB8,gSkWgesPS3
Qji7X,lAltvbkI8A
puy05,GgX0ddfF38
JTr21,pnBKR6VcP4
Meyke,D1vB2JPhpS
q9MSb,Nhzp1qvXCk
2pzBK,OfLjQN3G5s
yvCln,O8FnxHN3Eq
oHPXi,zLxk5o884d
BCJeY,726MpEtdI8
D6Pt3,83PFnU3w38
KEKuT,IBVPoluRyc
0ciPF,mYIbD66HD9
PnOAR,HjtC9RXDIw
PJI8y,oux7GadMSQ
VIeKi,6rCz4Lq2o9
yeShm,rFRYMy90k2
RgK50,3bsFLwqcyP
l73eo,qG3iFQQPQb
RHsCN,tFZVlKrMW0
Bi7Fx,v6dzpTpfIg
rzXUb,LnRKicuKYr
LAKSg,homvXLon16
DtGBn,RmLI64UBOT
2AtMs,J3R6zPSXcU
4QnKr,LBNwkUAfvp
8yZCk,smoktY9lVl
fZbDK,DolqVGlvVQ
V4oVH,Jn48Ix6RS2
c81oL,L1a7s5ONBJ
DwO2r,vMPAUx71p0
3B850,UR15ZuaNhM
xVilY,KRKArF8yGx
zK9HP,9CHbHGFStW
E0RWm,QHdAhFgqeX
XNH6v,xg7erPU6Hn
3loVi,KL0YmiECIT
zFGgM,cN2k1t9WAR
kDcIz,vtkvsGN6iv
ZRbG8,YSW0cXumU5
deJqW,iWqCrSjfZC
LZuWG,CUzyVMwq8q
vmEeN,BxJ19aUtqU
5bUz8,Ac39KYVho4
HUrm9,eYGX0Q8Ujy
PpJJZ,SkbVuWTqdi
uVdVi,mag37gTgad
O0DyK,Cq4NlzJfZX
yuSMq,a8AqcHG6YR
jMSWl,CzMHm8g6of
3WKWI,a6RKx3se9q
6tdYq,yBZkimtzsR
PwNzs,wJznt7rVlB
ms4zq,v72uskRVUj
MJPAi,i62RuwYWsk
xOMCn,c7ufCXztSu
NFdDf,wVlzMQ5LMx
5klRW,I44djHaTb3
nYIBB,Y8xkHjaM5W
kbgF2,do7iBrZMlb
QJazl,LxtjRbD2YI
YiTfX,Wtm4LYwLLR
WBB6b,WSIqbABOCA
xBSqR,Qnkcr6aXRV
POxqV,InNrOZ2pOF
ZlgSM,7IasVCy5Ap
1pezQ,9ieXJ2WMrL
rr6Ik,TP24iYGQ4g
g5FuF,wEXKBHMxte
iVGpD,0jt3nL14C5
kSb0n,Rx1OhDw4b0
iuVYU,zZd33BP4Gr
a0km1,IdyK2QnyUy
yc2ub,W3ba6eMWjs
nttIQ,uq43a6TyFN
6d09I,c6LnhSB3OV
wco0U,fvkjyvqs35
gajgk,1sqNQIFsMu
niHMi,B1OWlmsLOw
R4Gal,0bOrYF9E7V
9veRh,xtjlpFHSrw
oiB5s,X6ELxDqHiy
Cr3Rj,loMEJckr4L
Yt3zy,wxFaicOJU6
hwylo,RGMDlwPFXU
qVntv,W02BblOZ5I
6mfEH,DwopaJW0oT
UOPii,lfioQtKFtP
nzcCe,UgKiGV1CVq
wQem8,xHoP6ejQUM
FhmSU,AMbl4Rh6tc
wZ3Lm,bi3A89Pr0J
eG0Ay,Vbk6xpXOvr
02r3N,Nf5RQd1FF1
oUIpv,gkGBrd1p2x
R2zi6,m6msYcGZRl
1gfJF,K00rCrFDRH
bIKK1,R78dz6qf6i
B7yRR,dCSd3vFI8w
qjfa4,g1bofKuF0B
YBIwt,AK5sY8XDR6
ahqps,uFtG4Irzor
an3TT,wtECVCKTgC
0qUrP,mWvQCzz39X
vjkzc,e6GSICvtvL
5wb0X,1mTwcv6Lzg
J4A4E,MiKtbs5GWA
s26D2,4FpXcCsjn1
z769c,LWvvpGYunU
5PXct,Zg8odk0FDo
HcwOm,Izid5HT4ch
Yh6Vt,zVJIjW2kCF
JkSf9,eXJwaOe4Sq
lRHsN,b2JUK3RNnu
t6Olm,YAjH6uwlzp
LVhto,4EqNzbRqZe
UslJN,HHn1ouwVQ5
kC0B6,oGKPuk1lK0
zFsVo,gD6EEv8aqZ
gKBhl,HF2svwMwRx
wrcZm,BfZHTEc2PD
15nDn,Jk3LNyiz59
6BAjB,XVQXCJBPMr
tNxQq,UALXmywE8B
Ofcpy,OmtEk6oWWa
npYVg,pPRaNdJjSS
UG776,GVsaANhYJd
87D72,UwSLHFYrZR
jUxr1,D7X6hxUzvD
MEKqL,NkiF5Zl4rl
VKftc,g6jedBL7ag
LXVwo,HjIZZOZlSq
GObWh,ndoHrCjcKt
tvro1,P5ly5lm4Gf
vn4Gk,l4xKLYm5b6
zEB02,DQ8ZodkLi1
1Np5t,Jryhbkfypq
EY4gZ,7UPgTete0L
f2yF7,2ozBGKVVik
mXjre,iz88P1mjfn
4vpDa,xGz6hfRdba
yy7RZ,laytiovFHL
2Lgrp,qY604ogVBr
69Zd1,Zzbx3tVy8C
kaoAC,O1AV1FjhBU
JH4IV,5HugfyJb7S
Or2d1,E13fW4Ugmw
a5deO,8jwDAMbjXi
bMKeZ,LT1O8YT3eg
ApmND,bWXHzxtLRr
43dOh,dAaepjcinr
zXQVK,u6HsOhZi2R
K7UXW,bawmpVFCe3
3N0TJ,LnQsPEJPWM
HHUBE,QNPm9fiPRx
SUlSN,4DbU61zQRw
Cydx9,SnWIK6X3VO
ANIVG,wZjIUqKugB
0Taeq,k6OhOynLBj
zb7i7,NO77x2xhwN
TwG3K,7oRVFFu2q5
m0hti,pg7wnFyVW4
IQBpT,mwhdsXTW0k
2mkkP,DJ6LfuqOpn
S8duy,7R5o5xlYum
iwIDQ,yhzE2P8tDy
QvH30,faRlzXSVVm
heSZS,Jxaicc7lFK
TvgBz,hQJ9bj64e2
rvhkv,933jmgwtBc
evIv6,hMX1V9k1dz
3F5kZ,Au2EOpUkTw
w71fD,7wp4xkdSmr
rq6wL,67g9L4yGpr
cWzdb,clHBqfWE7j
5zKc5,vicLsYQ0Ff
rRc15,ndq5PRlMvt
5B2PN,8l6l7ykXyZ
d0Qp2,WNfnT4eeRJ
IWlKM,8T7feeNycm
ypnpP,plDFIwKXLB
Huy2e,kb8sqnHeVT
BtiZS,8peM4XiOU4
qCyYE,NjPVLgisve
l6IE5,BNuQzzNSoI
XOkvN,Zj6PfR5ykB
MGHvk,N78iXHRKAf
tx3N2,QNmXCBOI99
jWP1s,aOzi6w0XhA
cK7gy,a7lx4Y8THi
20fR1,H2QglWNlU5
W7P4o,oevKMAIUtp
dwqsn,s9qiqLfe69
j3h97,Fymai8K13e
rgKSI,8kSyDjkTyq
3Suk1,BZAXaS5VU8
9lpUd,72y0BbkV4S
m8KQs,MrsnpCfvx9
EHv3C,IbEgcfswbx
pxFao,7XQzkfcAKK
Kosfs,4YDIePYHla
fLIUV,62SWCcbONW
zxl1M,N5KqOZgNHC
XWnFQ,jMTbIvoUkb
RTIcV,vZ1gqPfHDW
jBTHh,K03DbM9AGt
MxnuK,i0Kkgb9wSN
tbomT,F6TJJ5vSFc
mrKKW,u2XemdqwJi
jcuIz,noFg7plDi1
PFtAp,q4rnjOBKlk
2Fxwo,6UMMaUcwxu
yn91Y,ys30PnPq7b
L9QjG,eqA1cKVpht
TPR3R,PBjSC9fsAm
DmwtF,cI6MJixFIP
8BF0E,wPgQITZYlz
lYVSs,B4aHRT0pyI
fHjUH,Yqxfgg8geu
PAsLs,Umx53oZ3Ox
M3f5X,X4oujFLsVZ
WLApw,2kTzpXYo1M
WNPbT,N9YbDhQpKM
oHxY6,41rYAQVzeW
lbKbn,DYwB9aT0zE
MYljX,soYTmzJh8Y
euaYF,xCD4dMe7MN
LzM7S,JzhItDhdVq
c9Um8,zUKdYYZc6M
0SlMZ,ewzve29wg4
WseRP,nrJ8EH6ETc
rU4MG,41dExrHHXX
MUq1L,focYwRFDvz
QWtVJ,aZLnDiPk0N
iMHIN,tXcGWIxBl3
bcZE7,JP7ucKN15N
OoAw6,o04AG0ieCE
hNQhs,Y0h5vuQivV
6kjHR,q5RvFyvYM8
C4Wtl,osmFxS9naF
jh0DY,R33JyJh4H4
ck88O,uxgRdNJnaU
2tb37,aVbeEJXWOE
01Y8a,MDH2uVQdi0
7lujo,CtjNIYwFUl
jVni4,x4Hf7baXps
YxNtQ,c5kwS2upHp
K1k7j,oFo6Uwi5uH
xselW,5x1p3Tsxj9
X3bib,vHRUNMq5RV
Noo2K,k7hlxkfZSy
9PCk8,OQPFKCrbIj
7wIvy,sPGJae4pdW
YnMAI,UoyJ3jmvv5
OCBw7,aYWQI75Mxj
IvGv6,opuX9ygv3M
ASocp,vmosd6AiT7
BCDi7,JHxdEGMVcQ
HNI6Z,8Bmw4ADESw
Mu8qN,g9uNn8u94G
ZLuIR,uRtQnyq1dj
yZOGp,BXz5KWee6i
V63qO,VUFpL3Xb5a
vDajk,AVha116fgd
xcjBC,8xwNWiRTuW
4ZAfj,UPebZfc6vt
k2FDE,iLbPz77r1B
o5BYk,USa93apghU
JBXpf,BI1NxAUE2W
gq1Ro,mLgxVkIkA0
fkBcK,ROsSB0twEv
sVVuM,jRyAptV7Ow
73QJg,BB44tG4WdJ
rFEma,rG1Zhqtcyh
IGlzq,Bb1GfunkrA
3TfIg,q9Wr8eSBrr
Ta7eK,xQVzwb4Tvv
tzoJh,E9qBByQuah
V3r3i,bA87aFiezO
K3n8M,ENW4pyDf2N
wXRY0,a9BjhMYz0x
nKBKT,npHkt6S6lV
USSMQ,TX0vghhfRi
Nf3o0,XLpE6SLZZ7
UUZNG,QHDRcU9u90
NWgRk,gO6Ftcyfcy
m6smT,9dAN4NIeiR
f6NvX,8MMergr0vD
zSJ2f,Dcse0w2ILl
z0rnv,pvhcKJsbKY
PjRzm,6cyyrz5thQ
ORQge,mGKDSunlG7
jvra4,NhhmPIVVcd
L14Ci,jYY3BQyZbf
6vKyG,PmX7INQEI2
Rt4W5,mf4kjFaRFm
6LSRj,yHFwOojE31
GUvLR,B76FrqlCh0
ZoLRg,5pXLVMafqd
g78MS,ZnZ62rwn4O
o3daU,tfkr1gdbvE
oMLwz,EwWECZ58na
WLd9V,8Dbt4cJiof
WN2Ik,BmQy0sy6BV
gxHtH,DClO5q1PIq
4Fd7n,xJJoiJRQPs
M60uz,I7c3WhtY7b
obRBj,e93YxlIocy
RYERt,ezAqCwI6uP
iT19u,koEnmcJ4AW
CsUgj,nuTYVwvDCZ
sUSt4,nOs2cPeWUP
SwhMN,Aaiu9d0ERD
EjxxN,CVB5XOUbKO
0Clip,9SArmJFnox
02Qyz,Eaugfs4aEO
ZEqkX,PtPpVc9BAx
8AzZ9,9EjEUz7YKL
MJqd3,n3xdttpC50
aeAKd,JTS3yMDFKn
qx7QL,bdOIqhcQUh
Q4vrO,JbIBfgoSW9
gmHnd,szrhiSzuJu
MAyi2,n1d5Dsm1lj
bCGS0,TkzlCReclX
G8yfq,ACrOI5h57C
oie4a,eYvOk8Fyk1
w094f,zFR1uA7LFe
o4wC8,HR7cGrklZE
mwFwA,U5gM7Knev2
sT7Zw,gGonT4OeqO
SMkyj,VspbfwWCLr
FelMd,S2UhpNme1M
2Uzms,ShVhtaOpMz
RrNce,05gUmGIJUJ
vXD4j,5XA0e3b3tX
Ckppw,EqCVlZB3Iw
Mdtpi,MvgnwurHxU
Faf5z,MJ0oFlngo6
NajgA,C36SrCnTkV
O0535,FPPFdu1BLp
HyA1P,bETiwlVUef
P3gV6,lAWbgaGiLs
It0jv,Qu9KNF5Izj
Ypmek,tzVpLczrul
TcPUw,kL1tvO9AwJ
Uu8hI,sLiob4ALv5
6piWk,Og6PKBDTca
C7EKp,ndaGBmKc7g
heGza,0nq6caIQ4V
0G2Fr,s2EDJgZts6
JJkpi,vqGVxS6fJa
aJRdp,iGrXjaejEG
pnqKN,JfepbLii01
tbLkp,aD5CBpNPIr
w8PXT,DG8R6kCoDD
q6Pbr,fm5lYGKMwt
d3B30,uGGDxMXabA
NBHDN,8S9dd8UYUr
r8u2b,vxScapZ8Aa
JoMq1,zzTJN7SI5M
9xVEz,6a6ZmholpZ
w9njA,pT9jCWqvFw
iP3dt,DkEKj01Imr
HTA5c,au6kNIhdeW
KwLNJ,fq4TanUb5h
DNbdS,oomuIadZnr
V7XHV,HWlLQw9LIf
2l2dz,UCXh6GrjFP
KBXIi,Sqfeb5LlQt
ATOC7,nxJlPP1h8G
6Ti4B,AX2PcdVXzM
q9FfM,NCjwY9mZqv
GxpZC,1zz3pLglJQ
79ZNo,LA1570euZF
0GcpF,OqfotFaK0T
A72AV,rlwtrDtG8t
l8ayx,PnX5LrKWbK
PLSSl,OkHkN8YgO6
JafUI,MJ6KPRbAOn
lE8dw,u2QcmElkVa
rFkGz,3tj9d81pIP
M3tVh,0qjRCGvY0q
8r5s8,FvBYEP6GeP
v1TZX,aZouQ1amZb
M7DSz,Lx5mvKcCqq
rWskV,qvUO0LPa7P
mUWZM,wKkC7QmjsN
KUJdf,FDLzsLliWs
7im4h,9A2tcajzuM
meG6s,WL5HlysGQo
9YGv2,YFD18QbsqF
fNUVT,mRFsy001HR
pQQ6m,S51w6anhCN
WRAQN,udF9FeaGfR
xFInM,4gR5NXfaeS
XbKx2,x2fdbVrmBH
d9mWw,90N06AXmKc
eIoZg,qxiGKtBbPc
T3lgZ,Sp0Fp7gnt1
zIJXH,Zoeh4ZLGbB
S4Eek,E6JFM9M3wg
46YO4,GNsV5xVQd6
s6b7l,vLrfreoeiV
um1tb,5aYy6451Vj
7nqiu,LOgd3HssWK
nq7oU,iu4h2al8bg
sjESB,8EqpRt6kW3
4jubI,otctKfE6nQ
mP91I,L9mbyeFFyC
JDVdO,EBiR526J8u
AvkJx,2vGpHfEnVd
ZEQUR,FztXrz0yi8
2SEnC,bp8SPP8tc4
HbIx6,AcG4a7DaFW
jIPX5,r9vA2kpaOC
evNX3,UygACqHfAn
cT51R,at0G330tdP
5skTq,oNYEoA45QF
t3yy4,qJyrqCuq5I
gbaB4,BZSzDgaIm1
nP4Wo,9m8INykiZq
0fBbQ,GMPymtPwbb
yz1Dv,qMSzvG7PY7
fYmRa,dxW36ixVPI
7ni90,OzNH9inh7l
onkLe,uYMr2SJzNy
iUVB4,VpEJ6N1t48
Pswae,KFcw6foQOc
o77kI,bg8PZeD0IH
9yaFI,oqoBWuQlkF
yJNF4,vRkDHjSkkA
2t9c9,SAzgbwK2S5
IqPv6,T0XdEExxZS
71mhd,v9O5pZBa2u
gKU5f,1YgYcVDKsC
CAEZR,Ru0GApGcAI
GQsBW,ICUYA7TeSm
RuWvu,NnYO4zeKLO
srEV2,BDEwCfDwuv
Sm0OS,uCgtqk3E4O
swf7s,iJ5XfHdSdI
o64pU,WUxcoXwrCB
g57wd,zOWFMbnZ4B
HsHMS,CIN9Vb7sDJ
3TObp,1LeXq09NZd
pHG6t,yIclS7xZza
ID3xO,tyzHw0HFOH
Sdpyj,T725sUd0TN
aCqe9,eHHOoeO6UC
NMPcl,95tbbW5oWZ
c6BCk,KR2sFqHuwB
6koWw,J6CdhO9nd5
npbY2,wITybzYS3v
taPR7,mBdYPvMYT0
3gpfe,rLXkj9Ti1X
Nv7Dn,eZZsYOXLMR
LQ7a5,lCQjW9sQsu
OgZWT,maTmDRaBCX
snNzy,SVaIe7SHYl
bMBaI,vxToTwf48S
2AfP9,OI5Yrj6j04
FbQgm,zLUs9OZpS7
hVHxK,RltWkUgqeh
uTtla,PUVJn5xmuq
uLlcj,64EA0YuhpJ
yUD2f,NSaICxOaUi
Ao4WB,n3F2EG19Xq
Swkvz,AirK13iQdc
8OBdL,cBPSDtyECw
5v2p0,BZj2Kl62bj
ek8Qx,T38JVMctqP
Zvk2V,kEVEHFZNHa
7WufN,29QbSMX5fn
VfTfi,OAWKeDpeq7
py4TN,RWXH7Qt4WJ
sRZm6,hbGdVVRl9h
syPws,DnpB5wrzBo
i4fiq,lzB2NxYES8
WkGLR,9pfy1k5sTH
RcL6u,cs4OvRltvd
Bryid,prDE0EZ57T
NY5y5,ALxEz2wUw1
88tHq,H7SkMSZLY6
FL5Lk,al5H0EKwzg
yIo1q,PIxH3kA26z
9Llew,FoRL6SpRoZ
7XIwY,8mHF3L0EN6
dWRyb,nezfZG8pxw
oFu6b,sexaUBVUfJ
0tFS2,Qggqvg6DFE
a3jFa,v7p3ikEeeU
XfoC8,qtoHUUX1yC
FJGYo,QtwgwOAb2P
605uC,dV6BC1vz24
cHNSG,bJaHZGwzSy
oYytt,bHoii0jOzm
SM3GE,KRnUynB4Wt
DlscP,VowjGPj0ET
mxFqd,ka4I4D5GI1
9mnCy,cxXIRDybEc
41JKr,W5C1NHFSnn
UxJh9,itHfcyTKJy
XOzGz,1DEDEskjlI
Hffrw,pJ06ZdFTYo
rVd1B,N2esGTU1cf
JUvYl,2n53u4g9Yf
yqaMs,Mzu11bUWc7
cV1HU,mJirMMw3Vv
iuVsg,nfPSgR4aOg
h0ciI,7Frp6ecDh8
8zC32,SrhIkxAoIp
EZpRi,7YXzo4NAH5
IPEkT,HdlYWFww3e
VIdlA,wtzu2XyQxg
Vg6AA,ZhOlgK0Mh4
0dNez,nL2Wf5TNWr
3RHas,i9K6v0RvM8
ANmn1,VKNXH23BQZ
2URK4,j2d39J30eQ
9OEvc,GqXtoEvrfl
qifh2,jB5xFegJev
zokdT,wTktmI8S9o
dAGtS,IMtOk82BRh
6rFrF,zXzTrWBAOL
Y2mEv,eniIbDQeeI
vlaaM,PKKoDblfM9
0Kcnp,IBM1jYEacS
TIe3S,0SCKhgWCvI
MwtYT,SGuFHODmYQ
fRytV,rtO4e5kaIQ
Tummt,ge9KURzydy
osqXV,lpp9tDfONX
EGs03,Vgi41cWBL9
9aCA7,xVwW50AkOn
is4Kt,8FJqKLDGmo
Qwys6,G02dW8dxt1
VLuZw,X8cHyWtcDQ
Atm9W,tPWw2TEgq7
ilTMl,pKtBr2yUec
LPG8Y,CBOy8RrM7S
UpdNc,ydW2Oo4njj
z48fc,7SOWrWOTIV
LDlZq,yxDuAsSFPb
Ypf7F,sfygbZcZSV
VDyhC,ZPaCkL5cqU
ookEw,06LynXxzXp
vT34a,G30RGkCLw3
GVs0z,Y0FKz2I6CF
w8yAc,JhgJ8W3LHA
Onvgo,5fpLZYNH5q
nCzWd,MFu2pDZtpH
4d5zu,tFJTqJSerY
FOAeK,O1qj3PX3im
KmAPW,5jBPc2y4g0
2VODa,zsb0LfPJi8
52vGS,rLb3Bn5asm
aviZ9,szBDznTo6b
wce1S,6tEixfGDp8
ZAEhz,NK8ooHLh6S
sD4HF,WN8B6GRMjh
VjRzB,rmlALJhx1o
pt1tb,GqYP15wTRP
aM92m,KtI63uQl1R
KqlLT,wsjvilAOfr
EpeNs,AyVjEZNulO
m5fHR,8eksJCOjr3
L5t0T,VBrRU6QIBc
xXiME,aVSuoC7cWy
gIEJI,xEjZve5mXH
zuERh,i1dbwBNDOK
c4sQN,aoruoXJujG
bSbPK,t8MGkih8W5
S8akZ,Xvop0NmJhG
qtyBi,j4r5KLo2Tk
8Mti6,tgCRFCF2lW
ILqhn,JAraGcW4fQ
onCSG,JlWldBYSDk
Pm5fD,tYeV8U85Yn
VnLyf,rhAnDOZBGD
VwZ1L,DuJRqSLyYK
VT7Hr,n8JYwmMvYt
8UZ8V,KLquCQnopl
9leg2,GDaqBGNocL
RlFQt,BAf25STshi
NqD2G,FJkQ9WxWkJ
Ib5n2,zZDO1IGUaY
cYoQ0,5vKpmTmTQG
CySHV,UhVy5WgMQr
K3p8T,qdpbDL4ZFU
GhszZ,ougk2mgj97
KTba2,5BgvMTgRTW
MAdfa,dEFuYHRe10
mMTxX,WCyc7l6od0
kZBye,LMTqhR8869
8sW20,TZCsbKNi91
it0U2,fGP866Zfe6
pnylq,zepcGBWuT5
vczv6,CLMrTTxT8M
ZxayT,A770jOBgiu
mNHWj,Ny4AZYtxSC
kSaur,35za5TZH9h
cw4Ts,oH0th0sKxk
mScwm,EzsdKx6Jfg
1rM6k,eu1eXifp3M
KpEXW,1BwtOh1U1g
a2IW8,3bD5pAoE0r
rLR6I,O8jkC8BD3D
UeFDb,OGmrLM2ar3
BTOtZ,wh8QCKZdo2
QjgwW,rkDOLoANz1
QbUFE,UcV23yM2Lb
5Cul9,qNt3Cfsc21
eTc8y,R3LN5OlSQ7
3VKyh,TY5m2HBuTE
w8yJg,7AjSopGJix
QlsAT,KtSPQVxspr
7WzFG,QNg9GFzmoR
UedmP,77j0W9VuCk
VJhup,XkceuST3fi
V9x8w,mfDFfAPa4r
vZbNu,ALPN0jGUnW
ci5Jq,C5GgLWQB7V
2DVdq,pObeBcyh6V
didj1,EV7lbTh2up
Xw2SK,siyEx9Q5rW
1FffY,gUUof5hx8M
W5iZY,3rhB6OLXUd
UWS9b,Qq5LPlR7SZ
TP5bO,4fglRnaDl5
Qf1Ip,czQilFDcNw
bGmgS,bl7sGYQRCb
WsrYb,RbLHt6n7ia
EuR1K,Jc6QFMPvEr
HAU9y,60JRIdY6lg
hZK80,vRdBIToxp2
Z7DTg,cZgWRZaP5v
6muRu,vnmJZ4DnC2
qB94v,pgvGdmFncL
Si8na,DTxZDw4gUG
jlitq,NTGjzUGfiS
1bb9y,lMsTM6qQml
wGGP9,6D2NWCICR0
vTbH2,K3PdXBjnsG
IZmpO,wvryjoa112
1xVde,YXiNafpuCS
alRxK,F3g7CzvMAx
PC4LQ,iKNByYQXtt
PDOHb,yneOuRo0EZ
xtCBf,sUZgvxemvI
PllD2,xcpM1UDpUh
osK14,0tZZJuwYR1
GGm2k,pzwOlxJYXE
fm70n,b1Qa0AFxyw
zecWg,xlQ3abBTaz
yqVFr,jQsa1sKGZi
dyxqu,OXQE10QCU0
csr77,SrYkBZNmGN
ETmck,R1hHGiIwVD
x75Yf,dRGbcib0ER
NjLav,51xnJdGsJB
5hIbg,Yo7EAkXMkB
D8Upi,qvkXS3ayvU
aBbTM,rRbzwMUtye
4cmZB,Fp7ZmZ2xyy
rIaCC,W4t8EZVytt
NyGax,iPWpOjpRQX
qhGAU,ixYMGCMBbf
5YNL8,k3XhsMAREr
P4IwF,CPdBBTeoup
DAorl,wLou3RhDJV
5z0N5,GqVT2wMhVh
HyR5Z,dCLC7Otpsd
lxMll,S2MNVOkI5f
0NOSS,N5vzHDob2Q
onobJ,J4LvRHkcpq
rpdgh,64nCD4f1gh
SFEgR,nZV9vMQQYg
gqGuG,YBKldoqspG
Jimny,dLy8U3VLUT
1bkHF,1FhM1uarWA
8GSu4,rHPZPK3LwX
Fx8Zf,N1U5NWzYnv
zvbrZ,gSH5SxQVim
SXT0X,9OY4TM0sKn
YjTaL,TqEAww8mrq
JjoDk,lM8kQ26QuQ
eta7E,V15zCB5KYw
bHQzl,aV7ifYllPP
c3jmb,Xhc2ROEWzC
tKkjk,FufNNuL8PA
Y2Eho,PfF2iwRXtq
AXaUh,uALJnze9H4
KF6oX,uedagwH7tb
x38IY,pdzbXXKb6r
fQ7lf,5Qtj0JPIRj
Tpm17,lrkUChRntY
PIOX4,32VwlWgbE7
uxwRy,Ec0Y7DgY0K
WQsLN,xPQtmcpCn3
KSAhJ,9VWaU3Nb2O
VZEoK,sWAjpWvOzT
RjLsA,vCwrMqvzBx
oxx3V,hvRROgOk5n
dXGYp,hu2NVOeqoQ
YMnvQ,iNlaFartuw
QItxH,TPbVD6JRx8
IwU51,KoP6zuh0YL
wOu0m,bTbmOPtxG0
FoxAu,ylSosrSJsQ
vYFZY,2aSexG30eK
0T9yu,D6QwviYo2q
fypUx,oXIgcfWffa
0g49O,zMVpjrIhPL
I4j7Z,RwWzM9PJo5
UpmZy,byl7YEyHWn
sErLM,qCjnc6w1PV
7KktK,TEieLhTjYP
Hru8d,hzPAX2Gu4w
pbhKF,1DjkS5BLpA
B616f,enO4YM7Fgb
bGntr,2u5mOXrqIQ
0kW2q,chO1lMNsr4
EDL16,c3BhqqeRRX
ISiFU,IRbwSxjF0K
KEovG,vHK6Zaxe2o
cKgup,bdgnK8V3OV
OyAc3,hIL1OKcmYe
KbY1F,ocTEADNvGB
rva1I,ejqZkeKwBJ
LlUKn,A8AtMa6zFN
b7im8,0ArqAMFkjg
34CYP,ZyXA1JK8jq
VvxdR,Ges8F2Ulne
Brjep,8eX5OZPz79
Z3Exg,wdvYma1hvo
v7PPm,eYAc3pcTZj
2YmHw,DdK9c6kdnQ
BTYqI,kFGVSKl4Dk
oGjLn,PpAzyMFT03
JBWH2,F2ImXA6iFK
C3qVP,NLeokNb0Gb
4pN17,PG9y369apO
U2SlY,I9JWx4KI4q
U9PHa,XxR65Uce5C
3ZEWl,CEumB2qlLv
LFEBn,PyUGEZBReG
uiG8e,1LTw7uzxPk
2B0Hd,nwLhcqhNiv
uMOaV,2bGWINqhlg
BoSC5,5ZBRhOiyCB
46nSg,jVsZRaNir8
z3wrF,CwFdoW2GvE
hzKFs,1YotYgDLy4
U77qz,N26sguoibT
XttI8,VJ7kc5AQR8
ULg2b,QPeWhvrFOC
zM52u,eYdmiqrSgi
1b4ie,f83u5l0w0O
8AAeD,5tBjPUJhM0
AOcE7,qUguplPpRQ
eZqOe,3UHFdxzXOm
Yoba3,iBXy5mTULK
KZKaO,ZeJGTWetT2
PRr02,uiDsRJOKDA
vnAgy,pfN8WH4aaY
c0QE0,S8jwAbfpVT
0rhAH,Q0WD8Sld3v
bfw1U,xU2RrD2G3X
z3pQE,6GE3kMWFZZ
bbfHd,9f7c6yQ8fT
6PXvG,BCngFH3Bn3
BzeQh,r0wzcC82Kn
WRdUm,TwZgMEYPgl
SSU7I,bzIH8VkhY5
FUWSP,jLli18X0Ye
lR6gY,Pryy9GttYs
yDnvv,cPhx7jG5jE
kEvqU,ugm2OvJiZH
Kyk74,QkT8S1ry6K
cqpIR,kc7GeWcXec
FZK06,PRrIZjJqRQ
a4gAM,8UZfBebNbq
0RpLR,wAIXiHg178
Rid8T,ZgNZwodIcp
8cgxX,73yQ1QyiSG
qKZDT,SD9FDG4Qoh
fwuv4,rD80u9Q2rJ
IStHw,mz9wfMckDA
BS75o,bx2jxwsozU
7hMBZ,iYzsvOfH9S
iKLpQ,9AncTVJmji
grA33,zm19OwY4e7
WwRIW,ISw54q1NNl
63MG7,QgtRpionmC
vi9n0,55SCaX3cKQ
xRUkx,2aOv2eNqC9
37scu,tizmVKjYW4
PuVKO,tMYhi1v5r7
fufHH,Jb0ixV3RU0
WKuRu,ilhhDzi9FK
gUfwC,WfNXylTBcN
B8y60,3omkGZUY8z
JptYV,6VbTSJfLls
zXB73,CarYv8Xp76
YQvsO,ryKCsClHoH
aYEL6,Hnh9lMhjco
qafVD,4nbOZErlmP
2wOGh,UoFbx0XOk9
dKktG,Xx39m3ONpa
DsHr9,YlxDx4EuTZ
E6JZA,pX7t6uxVhW
6UoNm,xMH4qe94J2
4o9Nn,JdkRGrldmC
atxzg,T72BctQlyA
nCZxp,mgCH7j9txw
6HZDh,fxoi9AL0Vj
BjVAQ,kX7XEfgNIO
jOwis,Ny0bQ9MBaI
VL1Qm,SbjZ9YeqLW
e5LKo,eyWeJNowpy
ekkfb,G8m07wYmWK
jbP4V,ditaxdXVJm
uXGOd,SvlewtLuQH
e9S4e,Oixis4wqZf
Mtdti,rlOMAkglP6
33gW8,uLq13T5zj5
P6z2A,StVGgw1xSQ
DVUUR,2oDtpGnvgH
B5Na8,o2CjJSQKqI
A4DvY,vxm81MPph5
6SbU3,ji6VCPOsAe
abiOG,hkeDtfpiEH
oLAzF,DTYJPAzE39
Telc3,1tnf6Rvw99
dyUN8,Ar2ybR9Lwc
UqqfC,th5RwcI1JS
bXq6L,yGcBeoto9Z
A4p1j,2uB8m7k494
Wk1nq,MW6Yxlm0Jw
0kApl,UrQvzcCUgL
Yd60B,wMxDL4Z85J
E54ev,p8XfDxsgrI
2qW8q,xFd5jY9i6f
2Lk6Z,Pw7NLLke1L
W4cTc,DrSQwbPGuW
VxHgE,H6aPTWAdaC
Y7Gb0,TPsLFYXvEs
szZ9Q,DRWNGPKh2U
T11Ac,2t1ufHsdd7
FFHFP,xiGt6njREl
LxmN7,zPBBkRjN5w
VLcCq,1aJIEQ5XHJ
ishFg,pf61QqTaeY
H9JTL,aVWTEAJKxq
tQTLv,abKgcBG5LV
4s4Om,QYiMRWmBGU
2aKVW,g571mjC2po
YuR2i,eSgwE8s1J9
VLjGH,fWNnX9HAc6
ZaBRd,U55aCKj5M2
eIOyo,wOlkbitSTG
ZSRAK,4uQ9FsUZxG
2MoQk,Nn98Hkrbck
RcdIN,XNhNXXgRWN
yYzXP,UKc3TUok5B
FXNSG,AQtSEqPUhM
IQLiN,AcyNgrHELN
fqK3j,qDaTvOklJC
8rsTJ,gtWOhdfYS1
L8swb,MWPWQlKbGt
NPVfI,EvcBktPAsH
BeP4K,0RHQNybyJR
1wGXM,pCiBdC53cx
KOMAT,xAKfqxNB5x
t74a4,QzH9bVLgYY
OINAi,G7TqnkYaW4
HqcMA,gCaYMmTyCR
xqzk1,S09Mrw6qH3
uptGb,4XOfVABO8d
FFEf0,G80PUsm0S3
4msx3,DB0rQV2sKb
FqRkF,R0OSQIlcJd
fNAIk,DmWEONAQfk
2VKTg,qLgeD6XZjG
cztNh,OrDL5rzFiO
ZkKKe,0bZhqDnnCH
4PgyD,xm4b8aDHPV
wPggA,vhLuyb8WzL
DDAUb,eryiDGsgni
cU7ta,IYstt1FBXe
mBSXv,4bXCuBiWRG
f4Amx,L4veyYfeAd
tWOlU,kp6h2ASlxK
1MPC9,moeSCMRS0r
5toTP,jefpwhZpCw
9EjYg,slFGdit5au
wgXVa,Neo2DUkDjW
9tAtr,RVNwB1P46Z
yDfwy,pkNOnrIH41
DeueH,W5CKCeLrjS
rSvHp,47JSV6jDOo
FrCaG,k7LXRobDQv
vhn1Z,M56wY2DhFr
FlTiv,zCDlzuKL8A
